FL-MICH-21,https://scratch.mit.edu/projects/269342960/
FL-FRHA-21,https://scratch.mit.edu/projects/267364027/
FL-THLY-21,https://scratch.mit.edu/projects/267361532/
FL-GEIX-21,https://scratch.mit.edu/projects/267359504/
FL-ELMO-21,https://scratch.mit.edu/projects/269341961/
FL-REBR-21,https://scratch.mit.edu/projects/267368403/
FL-MARO-21,https://scratch.mit.edu/projects/246767916/
FL-NARA-21,https://scratch.mit.edu/projects/267366943/
FL-WAPI-21,https://scratch.mit.edu/projects/246769059/
FL-BRAS-21,https://scratch.mit.edu/projects/259817884/
FL-ALES-21,https://scratch.mit.edu/projects/259817613/
FL-NARO-21,https://scratch.mit.edu/projects/267364677/
FL-LEDA-21,https://scratch.mit.edu/projects/259820945/
