se2019anor,https://scratch.mit.edu/projects/252715820/
se2019swad,https://scratch.mit.edu/projects/284976707/
se2019emva,https://scratch.mit.edu/projects/284976918/
se2019telo,https://scratch.mit.edu/projects/288267098/
se2019olsh,https://scratch.mit.edu/projects/286706470/
se2019rome,https://scratch.mit.edu/projects/286708141/
Nemofish84,https://scratch.mit.edu/projects/107307262/
se2019adsc,https://scratch.mit.edu/projects/284976164/
se2019josl,https://scratch.mit.edu/projects/284975912/
se2019jodu,https://scratch.mit.edu/projects/284976126/
se2019fioc,https://scratch.mit.edu/projects/284976444/
se2019alvi,https://scratch.mit.edu/projects/284976183/
se2019alhu,https://scratch.mit.edu/projects/284976148/
se2019maju,https://scratch.mit.edu/projects/284976398/
se2019jawu,https://scratch.mit.edu/projects/284976185/
se2019advi,https://scratch.mit.edu/projects/284976875/
se2019elbi,https://scratch.mit.edu/projects/284976728/
se2019sobl,https://scratch.mit.edu/projects/284976223/
se2019lukr,https://scratch.mit.edu/projects/284976271/
se2019etab,https://scratch.mit.edu/projects/284976227/
se2019odpe,https://scratch.mit.edu/projects/284975211/
se2019aykh,https://scratch.mit.edu/projects/284976062/
se2019kajo,https://scratch.mit.edu/projects/284975003/
se2019kajo,https://scratch.mit.edu/projects/281768977/
se2019rome,https://scratch.mit.edu/projects/281769138/
se2019odpe,https://scratch.mit.edu/projects/281768967/
se2019josl,https://scratch.mit.edu/projects/281769675/
se2019sobl,https://scratch.mit.edu/projects/281769721/
se2019etab,https://scratch.mit.edu/projects/281769841/
se2019telo,https://scratch.mit.edu/projects/281768867/
se2019phfi,https://scratch.mit.edu/projects/281770104/
se2019aykh,https://scratch.mit.edu/projects/281769739/
se2019alhu,https://scratch.mit.edu/projects/281769064/
se2019elbi,https://scratch.mit.edu/projects/281769294/
se2019emva,https://scratch.mit.edu/projects/281768731/
se2019maju,https://scratch.mit.edu/projects/281769013/
se2019advi,https://scratch.mit.edu/projects/281769692/
se2019jawu,https://scratch.mit.edu/projects/281768854/
se2019jodu,https://scratch.mit.edu/projects/281769701/
se2019alvi,https://scratch.mit.edu/projects/281769783/
se2019swad,https://scratch.mit.edu/projects/281769781/
se2019fioc,https://scratch.mit.edu/projects/281768740/
se2019aykh,https://scratch.mit.edu/projects/281768972/
se2019odpe,https://scratch.mit.edu/projects/270037195/
se2019elbi,https://scratch.mit.edu/projects/272406457/
se2019elbi,https://scratch.mit.edu/projects/270037988/
se2019phfi,https://scratch.mit.edu/projects/258625124/
se2019elbi,https://scratch.mit.edu/projects/256041165/
se2019phfi,https://scratch.mit.edu/projects/256044591/
se2019elbi,https://scratch.mit.edu/projects/256044703/
se2019elbi,https://scratch.mit.edu/projects/258625435/
se2019kajo,https://scratch.mit.edu/projects/270037085/
se2019kajo,https://scratch.mit.edu/projects/272403656/
se2019elbi,https://scratch.mit.edu/projects/258628477/
se2019kajo,https://scratch.mit.edu/projects/260500270/
se2019elbi,https://scratch.mit.edu/projects/258631411/
se2019alhu,https://scratch.mit.edu/projects/260500697/
se2019emva,https://scratch.mit.edu/projects/256046272/
se2019alvi,https://scratch.mit.edu/projects/256043276/
se2019fioc,https://scratch.mit.edu/projects/260500597/
se2019jawu,https://scratch.mit.edu/projects/258627721/
se2019telo,https://scratch.mit.edu/projects/260499959/
se2019odpe,https://scratch.mit.edu/projects/256044010/
se2019jawu,https://scratch.mit.edu/projects/281765555/
se2019telo,https://scratch.mit.edu/projects/270036832/
se2019telo,https://scratch.mit.edu/projects/260502317/
se2019odpe,https://scratch.mit.edu/projects/272403859/
se2019olsh,https://scratch.mit.edu/projects/280183823/
se2019rome,https://scratch.mit.edu/projects/280183676/
se2019etab,https://scratch.mit.edu/projects/280182768/
se2019emva,https://scratch.mit.edu/projects/280182985/
se2019jawu,https://scratch.mit.edu/projects/280183765/
se2019telo,https://scratch.mit.edu/projects/280186108/
se2019advi,https://scratch.mit.edu/projects/278377001/
se2019jodu,https://scratch.mit.edu/projects/278377026/
se2019rome,https://scratch.mit.edu/projects/278380958/
se2019maju,https://scratch.mit.edu/projects/278377212/
se2019alhu,https://scratch.mit.edu/projects/278377278/
se2019etab,https://scratch.mit.edu/projects/278376739/
se2019olsh,https://scratch.mit.edu/projects/278378371/
se2019odpe,https://scratch.mit.edu/projects/278377167/
se2019adsc,https://scratch.mit.edu/projects/278376808/
