FM-GICA-20,https://scratch.mit.edu/projects/268901057/
FM-ROTO-20,https://scratch.mit.edu/projects/266682913/
FM-CAJA-20,https://scratch.mit.edu/projects/268898880/
FM-ANAG-20,https://scratch.mit.edu/projects/268898778/
FM-LIFU-20,https://scratch.mit.edu/projects/268898768/
FM-BOMI-20,https://scratch.mit.edu/projects/261091687/
FM-STFL-20,https://scratch.mit.edu/projects/266683100/
FM-CAES-20,https://scratch.mit.edu/projects/266682796/
FM-CHTO-20,https://scratch.mit.edu/projects/266685210/
FM-MIME-20,https://scratch.mit.edu/projects/261091997/
FM-TAKI-20,https://scratch.mit.edu/projects/259184754/
FM-IVMA-20,https://scratch.mit.edu/projects/268898593/
FM-DIIN-20,https://scratch.mit.edu/projects/266687097/
FM-CLRO-20,https://scratch.mit.edu/projects/266684199/
FM-SCVE-20,https://scratch.mit.edu/projects/266684620/
FM-JUVE-20,https://scratch.mit.edu/projects/266682409/
FM-CHME-20,https://scratch.mit.edu/projects/261090936/
