nathanbravo54600,https://scratch.mit.edu/projects/249915326/
S404332,https://scratch.mit.edu/projects/266372000/
A431544,https://scratch.mit.edu/projects/260445378/
y428634,https://scratch.mit.edu/projects/259140205/
W446319,https://scratch.mit.edu/projects/259133270/
A430581,https://scratch.mit.edu/projects/260446111/
em428652,https://scratch.mit.edu/projects/259134171/
g420042,https://scratch.mit.edu/projects/259139650/
A459242,https://scratch.mit.edu/projects/259130515/
l418185,https://scratch.mit.edu/projects/259132187/
D437139,https://scratch.mit.edu/projects/259139841/
N430007,https://scratch.mit.edu/projects/259130506/
rs430133,https://scratch.mit.edu/projects/260447276/
b430146,https://scratch.mit.edu/projects/259125813/
j428662,https://scratch.mit.edu/projects/259128582/
g427214,https://scratch.mit.edu/projects/259132612/
kdg428614,https://scratch.mit.edu/projects/261553518/
y438544,https://scratch.mit.edu/projects/259128218/
v428585,https://scratch.mit.edu/projects/259130402/
432095,https://scratch.mit.edu/projects/259128911/
S404332,https://scratch.mit.edu/projects/259201546/
em824,https://scratch.mit.edu/projects/259124536/
J428686,https://scratch.mit.edu/projects/259127242/
m432907,https://scratch.mit.edu/projects/259141664/
A431544,https://scratch.mit.edu/projects/259141378/
r428593,https://scratch.mit.edu/projects/259141112/
a430125,https://scratch.mit.edu/projects/259129785/
nathanbravo54600,https://scratch.mit.edu/projects/259123882/
L421746,https://scratch.mit.edu/projects/259130187/
A431348,https://scratch.mit.edu/projects/259130113/
J428668,https://scratch.mit.edu/projects/259124547/
