FL-SHTO-20,https://scratch.mit.edu/projects/267435627/
FL-ROLU-20,https://scratch.mit.edu/projects/265213157/
FL-ARDI-20,https://scratch.mit.edu/projects/267440041/
FL-ANAR-20,https://scratch.mit.edu/projects/267447397/
FL-HEPI-20,https://scratch.mit.edu/projects/267441075/
FL-JOME-20,https://scratch.mit.edu/projects/265209266/
FL-JUES-20,https://scratch.mit.edu/projects/265212073/
FL-RABR-20,https://scratch.mit.edu/projects/267446175/
FL-ISGA-20,https://scratch.mit.edu/projects/269391294/
FL-ELCU-20,https://scratch.mit.edu/projects/267444894/
FL-TAMA-20,https://scratch.mit.edu/projects/267434049/
FL-JOVI-20,https://scratch.mit.edu/projects/269391423/
FL-CAOR-20,https://scratch.mit.edu/projects/267440666/
FL-LLHE-20,https://scratch.mit.edu/projects/267433605/
FL-LEMA-20,https://scratch.mit.edu/projects/265211770/
FL-NADZ-20,https://scratch.mit.edu/projects/267433513/
FL-GURO-20,https://scratch.mit.edu/projects/267433451/
