FM-BRSO-21,https://scratch.mit.edu/projects/265599562/
FM-PECR-21,https://scratch.mit.edu/projects/265601864/
FM-ALCH-21,https://scratch.mit.edu/projects/265598278/
FM-LISA-21,https://scratch.mit.edu/projects/265599041/
FM-ANRA-21,https://scratch.mit.edu/projects/261871501/
FM-DECA-21,https://scratch.mit.edu/projects/265599120/
FM-NOSH-21,https://scratch.mit.edu/projects/265598471/
FM-JHBA-21,https://scratch.mit.edu/projects/265598417/
FM-SAMI-21,https://scratch.mit.edu/projects/265598006/
FM-ELSA-21,https://scratch.mit.edu/projects/251349053/
FM-DAGA-21,https://scratch.mit.edu/projects/253061949/
FM-ANTE-21,https://scratch.mit.edu/projects/251347427/
FM-CHCH-21,https://scratch.mit.edu/projects/265600067/
FM-JOCH-21,https://scratch.mit.edu/projects/261870790/
FM-DIRI-21,https://scratch.mit.edu/projects/258405418/
