FM-AMSO-21,https://scratch.mit.edu/projects/265598820/
FM-JOOR-21,https://scratch.mit.edu/projects/265577677/
FM-KESC-21,https://scratch.mit.edu/projects/265569964/
FM-KIVE-21,https://scratch.mit.edu/projects/265573949/
FM-WIBA-21,https://scratch.mit.edu/projects/265572682/
FM-DAGO-21,https://scratch.mit.edu/projects/255613926/
FM-GIVA-21,https://scratch.mit.edu/projects/260159565/
FM-KRMA-21,https://scratch.mit.edu/projects/265569384/
FM-ELGU-21,https://scratch.mit.edu/projects/258379817/
FM-ORCR-21,https://scratch.mit.edu/projects/249864925/
FM-RIJO-21,https://scratch.mit.edu/projects/258380531/
FM-OSES-21,https://scratch.mit.edu/projects/265574018/
