FM-AIHI-20,https://scratch.mit.edu/projects/254041802/
FM-SECH-20,https://scratch.mit.edu/projects/259137480/
FM-NEMC-20,https://scratch.mit.edu/projects/259137563/
FM-ANPA-20,https://scratch.mit.edu/projects/259137265/
FM-LIME-20,https://scratch.mit.edu/projects/259136813/
FM-CLHO-20,https://scratch.mit.edu/projects/254042289/
FM-ADPA-20,https://scratch.mit.edu/projects/266629993/
FM-CACO-20,https://scratch.mit.edu/projects/266634996/
FM-REAL-20,https://scratch.mit.edu/projects/259137437/
FM-ARHE-20,https://scratch.mit.edu/projects/266626895/
FM-ANMA-20,https://scratch.mit.edu/projects/247760983/
FM-RADE-20,https://scratch.mit.edu/projects/266626384/
FM-SARA-20,https://scratch.mit.edu/projects/246372166/
FM-EYCH-20,https://scratch.mit.edu/projects/259136406/
FM-DOLE-20,https://scratch.mit.edu/projects/261045409/
FM-JOCA-20,https://scratch.mit.edu/projects/259136574/
FM-MIGO-20,https://scratch.mit.edu/projects/268844620/
FM-LIME-20,https://scratch.mit.edu/projects/268845694/
