ig428862,https://scratch.mit.edu/projects/282603035/
jo428856,https://scratch.mit.edu/projects/277778023/
ee430370,https://scratch.mit.edu/projects/277781995/
mm430328,https://scratch.mit.edu/projects/280824390/
rm417703,https://scratch.mit.edu/projects/277778042/
jl431815,https://scratch.mit.edu/projects/277777991/
en428861,https://scratch.mit.edu/projects/277778178/
tn432047,https://scratch.mit.edu/projects/278097023/
al430369,https://scratch.mit.edu/projects/278588857/
da422719,https://scratch.mit.edu/projects/277778164/
ac428895,https://scratch.mit.edu/projects/278587813/
ol428822,https://scratch.mit.edu/projects/277780067/
ea428817,https://scratch.mit.edu/projects/277778723/
zm438366,https://scratch.mit.edu/projects/277778028/
mp429597,https://scratch.mit.edu/projects/277780371/
jg421519,https://scratch.mit.edu/projects/277777881/
ag428203,https://scratch.mit.edu/projects/277778311/
er422142,https://scratch.mit.edu/projects/277777935/
cm421509,https://scratch.mit.edu/projects/277779752/
mc425339,https://scratch.mit.edu/projects/278589855/
jz446757,https://scratch.mit.edu/projects/277777669/
vd430742,https://scratch.mit.edu/projects/277778306/
el438252,https://scratch.mit.edu/projects/277780220/
kg438237,https://scratch.mit.edu/projects/278275016/
dj425312,https://scratch.mit.edu/projects/277778734/
cj430325,https://scratch.mit.edu/projects/277778350/
md430147,https://scratch.mit.edu/projects/277779412/
ck428750,https://scratch.mit.edu/projects/277777893/
mm417423,https://scratch.mit.edu/projects/279179283/
jg438238,https://scratch.mit.edu/projects/277778340/
