WLC-CyGa,https://scratch.mit.edu/projects/258071383/
WLC-DoGl,https://scratch.mit.edu/projects/248156347/
WLC-KrHe,https://scratch.mit.edu/projects/255202023/
WLC-DMMc,https://scratch.mit.edu/projects/255212175/
WLC-KiHo,https://scratch.mit.edu/projects/258071088/
WLC-JaPu,https://scratch.mit.edu/projects/252653441/
WLC-KiAa,https://scratch.mit.edu/projects/248155283/
WLC-JaJa,https://scratch.mit.edu/projects/255202786/
WLC-JaLa,https://scratch.mit.edu/projects/255202067/
WLC-KiAa,https://scratch.mit.edu/projects/255202250/
WLC-DoGl,https://scratch.mit.edu/projects/252655622/
WLC-JaTo,https://scratch.mit.edu/projects/252652631/
