A,20088421,ADKUANG,https://scratch.mit.edu/projects/215600036/
A,20088079,AILIU1,https://scratch.mit.edu/projects/217197463/
A,88255030,ALALMANZA,https://scratch.mit.edu/projects/215599944/
A,20080982,ALHUITZILDZIB,https://scratch.mit.edu/projects/214526173/
A,20090812,AMROBSON,https://scratch.mit.edu/projects/215598297/
A,20120915,AmChan2,https://scratch.mit.edu/projects/215599115/
A,20089898,ANTSE,https://scratch.mit.edu/projects/215596403/
A,20088244,CALEE18,https://scratch.mit.edu/projects/215596448/
A,20089780,COHEERY,https://scratch.mit.edu/projects/214372865/
A,20091191,COCHAN2,https://scratch.mit.edu/projects/215597775/
A,20092051,COCOOPER,https://scratch.mit.edu/projects/214374741/
A,89031283,eali11,https://scratch.mit.edu/projects/215598906/
A,89031260,EMHSU,https://scratch.mit.edu/projects/214602124/
A,20090627,FASAJJAD1,https://scratch.mit.edu/projects/215597691/
A,20116984,GhPavel,https://scratch.mit.edu/projects/214525522/
A,20103101,ZhWu5,https://scratch.mit.edu/projects/214372888/
A,20084297,KALEE24,https://scratch.mit.edu/projects/214177465/
A,20088463,KIWONG5,https://scratch.mit.edu/projects/215597481/
A,20090095,LECYSTER,https://scratch.mit.edu/projects/215596497/
A,20091042,MaCorral,https://scratch.mit.edu/projects/214144370/
A,20092214,MASILVA-BUEHL,https://scratch.mit.edu/projects/217195881/
A,20090680,MEFENG1,https://scratch.mit.edu/projects/214161919/
A,20089312,SACHERNOBELSKIY,https://scratch.mit.edu/projects/215596155/
A,20093084,ShAmirova,https://scratch.mit.edu/projects/215597261/
A,20091990,SUGOLGECI,https://scratch.mit.edu/projects/215597678/
A,89751238,VEKALINOVSKI,https://scratch.mit.edu/projects/215596520/
A,20111862,ViXu5,https://scratch.mit.edu/projects/215596200/
A,20082919,VILYASHEVYCH,https://scratch.mit.edu/projects/215597617/
