FM-SAHE-21,https://scratch.mit.edu/projects/258417639/
FM-CHTA-21,https://scratch.mit.edu/projects/258416496/
FM-DOGA-21,https://scratch.mit.edu/projects/265611602/
FM-LALO-21,https://scratch.mit.edu/projects/249895000/
FM-NACH-21,https://scratch.mit.edu/projects/260189222/
FM-MEME-21,https://scratch.mit.edu/projects/260189871/
FM-SHDI-21,https://scratch.mit.edu/projects/265611485/
FM-FALE-21,https://scratch.mit.edu/projects/251358105/
FM-MOGA-21,https://scratch.mit.edu/projects/253075186/
FM-STRO-21,https://scratch.mit.edu/projects/258415944/
FM-ALRO-21,https://scratch.mit.edu/projects/258415737/
FM-MANI-21,https://scratch.mit.edu/projects/269729666/
FM-HUSA-21,https://scratch.mit.edu/projects/265610263/
FM-JUBA-21,https://scratch.mit.edu/projects/265609410/
FM-DASU-21,https://scratch.mit.edu/projects/265610384/
FM-COGA-21,https://scratch.mit.edu/projects/258415690/
FM-NOME-21,https://scratch.mit.edu/projects/258420743/
FM-LUAD-21,https://scratch.mit.edu/projects/260250421/
FM-KEBA-21,https://scratch.mit.edu/projects/258380665/
