se2021abfa,https://scratch.mit.edu/projects/286609105/
se2021fara,https://scratch.mit.edu/projects/286605349/
se2021lire,https://scratch.mit.edu/projects/284880881/
se2021amvi,https://scratch.mit.edu/projects/284890516/
se2021elab,https://scratch.mit.edu/projects/284883662/
se2021slat,https://scratch.mit.edu/projects/284882692/
se2021cico,https://scratch.mit.edu/projects/284884444/
se2021pesc,https://scratch.mit.edu/projects/284886744/
se2021phco,https://scratch.mit.edu/projects/284884280/
se2021sabe,https://scratch.mit.edu/projects/284886240/
se2021chfa,https://scratch.mit.edu/projects/284885243/
se2021pofi,https://scratch.mit.edu/projects/284885893/
se2021frde,https://scratch.mit.edu/projects/284885415/
se2021gesh,https://scratch.mit.edu/projects/284882059/
se2021yayu,https://scratch.mit.edu/projects/284884753/
se2021dafu,https://scratch.mit.edu/projects/284884355/
se2021soar,https://scratch.mit.edu/projects/284884368/
se2021kago,https://scratch.mit.edu/projects/284883812/
se2021fele,https://scratch.mit.edu/projects/284880399/
se2021haha,https://scratch.mit.edu/projects/284879081/
se2021soar,https://scratch.mit.edu/projects/260189641/
se2021soar,https://scratch.mit.edu/projects/251358662/
se2021soar,https://scratch.mit.edu/projects/281674254/
se2021gene,https://scratch.mit.edu/projects/281730575/
se2021pesc,https://scratch.mit.edu/projects/281675714/
se2021chfa,https://scratch.mit.edu/projects/281675656/
se2021fele,https://scratch.mit.edu/projects/281675640/
se2021sabe,https://scratch.mit.edu/projects/281675684/
se2021amvi,https://scratch.mit.edu/projects/258417103/
se2021dafu,https://scratch.mit.edu/projects/281675670/
se2021slat,https://scratch.mit.edu/projects/281675700/
se2021haha,https://scratch.mit.edu/projects/281675642/
se2021amvi,https://scratch.mit.edu/projects/258419795/
se2021amvi,https://scratch.mit.edu/projects/258420846/
se2021amvi,https://scratch.mit.edu/projects/255605201/
se2021soar,https://scratch.mit.edu/projects/281675646/
se2021lire,https://scratch.mit.edu/projects/260188497/
se2021fara,https://scratch.mit.edu/projects/281675650/
se2021yayu,https://scratch.mit.edu/projects/281675636/
se2021lire,https://scratch.mit.edu/projects/281675329/
se2021lire,https://scratch.mit.edu/projects/251358926/
se2021lire,https://scratch.mit.edu/projects/281677144/
se2021gesh,https://scratch.mit.edu/projects/281675686/
se2021amvi,https://scratch.mit.edu/projects/281675663/
se2021frde,https://scratch.mit.edu/projects/281675763/
se2021pesc,https://scratch.mit.edu/projects/255604285/
se2021gesh,https://scratch.mit.edu/projects/272433669/
se2021frde,https://scratch.mit.edu/projects/269938972/
se2021frde,https://scratch.mit.edu/projects/255606993/
se2021abfa,https://scratch.mit.edu/projects/255609528/
se2021abfa,https://scratch.mit.edu/projects/260192787/
se2021abfa,https://scratch.mit.edu/projects/260189375/
se2021abfa,https://scratch.mit.edu/projects/258415589/
se2021abfa,https://scratch.mit.edu/projects/255605517/
se2021haha,https://scratch.mit.edu/projects/281674156/
se2021slat,https://scratch.mit.edu/projects/278282946/
se2021slat,https://scratch.mit.edu/projects/255605715/
se2021slat,https://scratch.mit.edu/projects/255605112/
se2021slat,https://scratch.mit.edu/projects/258419730/
se2021slat,https://scratch.mit.edu/projects/258417425/
se2021slat,https://scratch.mit.edu/projects/269938991/
se2021pofi,https://scratch.mit.edu/projects/280089843/
se2021gesh,https://scratch.mit.edu/projects/278281863/
se2021fele,https://scratch.mit.edu/projects/280082965/
se2021rish,https://scratch.mit.edu/projects/279834076/
se2021chfa,https://scratch.mit.edu/projects/278282938/
se2021amvi,https://scratch.mit.edu/projects/278284228/
se2021fele,https://scratch.mit.edu/projects/278284800/
se2021fara,https://scratch.mit.edu/projects/278285392/
se2021yayu,https://scratch.mit.edu/projects/278283360/
se2021abfa,https://scratch.mit.edu/projects/278283885/
se2021pofi,https://scratch.mit.edu/projects/278283299/
se2021kago,https://scratch.mit.edu/projects/278283520/
