FL-MIDE-21,https://scratch.mit.edu/projects/249641654/
FL-ALTR-21,https://scratch.mit.edu/projects/269424633/
FL-JIOR-21,https://scratch.mit.edu/projects/249642052/
FL-AMWA-21,https://scratch.mit.edu/projects/269424745/
FL-JECO-21,https://scratch.mit.edu/projects/269426222/
FL-DEHU-21,https://scratch.mit.edu/projects/249641767/
FL-CEMC-21,https://scratch.mit.edu/projects/249642233/
FL-MAWH-21,https://scratch.mit.edu/projects/246833926/
FL-ANCC-21,https://scratch.mit.edu/projects/249641900/
FL-JARA-21,https://scratch.mit.edu/projects/246831824/
FL-SARI-21,https://scratch.mit.edu/projects/252725939/
FL-PRCO-21,https://scratch.mit.edu/projects/255270245/
