pizzzapi,https://scratch.mit.edu/projects/285777369/
chipm0nk,https://scratch.mit.edu/projects/283676887/
GP2021Julian,https://scratch.mit.edu/projects/288786481/
GP2021Ella,https://scratch.mit.edu/projects/288781084/
GP2021Julian,https://scratch.mit.edu/projects/280507546/
GP2021Dylan,https://scratch.mit.edu/projects/255979592/
GP2021Sophia,https://scratch.mit.edu/projects/255981841/
GP2021Jonathan,https://scratch.mit.edu/projects/255978727/
GP2021Mona,https://scratch.mit.edu/projects/270657224/
GP2021Kyle,https://scratch.mit.edu/projects/270658528/
GP2021Sadie,https://scratch.mit.edu/projects/272350816/
GP2021Jada,https://scratch.mit.edu/projects/272348804/
GP2021Mia,https://scratch.mit.edu/projects/260441236/
GP2021Isobel,https://scratch.mit.edu/projects/270657870/
GP2021Angel,https://scratch.mit.edu/projects/273073858/
GP2021Ana,https://scratch.mit.edu/projects/256991655/
GP2021Alejandro,https://scratch.mit.edu/projects/258879871/
GP2021Werner,https://scratch.mit.edu/projects/272712309/
GP2021Ivan,https://scratch.mit.edu/projects/272711352/
GP2021Roselyn,https://scratch.mit.edu/projects/258879685/
GP2021Perla,https://scratch.mit.edu/projects/270337211/
GP2021Thiago,https://scratch.mit.edu/projects/256995933/
GP2021Anthony,https://scratch.mit.edu/projects/270338174/
GP2021Efrain,https://scratch.mit.edu/projects/270337674/
GP2021Donaldo,https://scratch.mit.edu/projects/270337286/
GP2021Lilian,https://scratch.mit.edu/projects/270338097/
GP2021JonathanG,https://scratch.mit.edu/projects/272717108/
GP2021Graciela,https://scratch.mit.edu/projects/258879991/
GP2021DylanSH,https://scratch.mit.edu/projects/273071361/
GP2021Eilyn,https://scratch.mit.edu/projects/258879947/
GP2021Pedro,https://scratch.mit.edu/projects/258879501/
GP2021Jose,https://scratch.mit.edu/projects/270338984/
GP2021MAZ,https://scratch.mit.edu/projects/270335373/
GP2021Henry,https://scratch.mit.edu/projects/272711591/
murrayk2,https://scratch.mit.edu/projects/175664221/
GP2021AngelW,https://scratch.mit.edu/projects/272349015/
GP2021Clara,https://scratch.mit.edu/projects/270657811/
GP2021Margaux,https://scratch.mit.edu/projects/258640744/
GP2021Jeremiah,https://scratch.mit.edu/projects/272356893/
GP2021Keira,https://scratch.mit.edu/projects/270658133/
GP2021Jaylani,https://scratch.mit.edu/projects/270657673/
GP2021Lucas,https://scratch.mit.edu/projects/272348186/
GP2021Daniel,https://scratch.mit.edu/projects/270658301/
GP2021Quintin,https://scratch.mit.edu/projects/270658560/
GP2021Jordan,https://scratch.mit.edu/projects/270658122/
GP2021Charles,https://scratch.mit.edu/projects/270658381/
GP2021Treasure,https://scratch.mit.edu/projects/270658006/
GP2021Nate,https://scratch.mit.edu/projects/270657967/
GP2021Santiago,https://scratch.mit.edu/projects/258070512/
GP2021Gizelle,https://scratch.mit.edu/projects/269358373/
GP2021Marina,https://scratch.mit.edu/projects/258071639/
GP2021Matthew,https://scratch.mit.edu/projects/271325760/
GP2021Joseph,https://scratch.mit.edu/projects/271324137/
GP2021Julian,https://scratch.mit.edu/projects/269357195/
GP2021Ellory,https://scratch.mit.edu/projects/269357454/
GP2021Alizay,https://scratch.mit.edu/projects/269357545/
GP2021Dimario,https://scratch.mit.edu/projects/258071769/
GP2021Aoife,https://scratch.mit.edu/projects/271322743/
GP2021Mateo,https://scratch.mit.edu/projects/269357978/
GP2021Micah,https://scratch.mit.edu/projects/269356925/
GP2021Reese,https://scratch.mit.edu/projects/269356588/
GP2021Josephine,https://scratch.mit.edu/projects/269356941/
GP2021Lake,https://scratch.mit.edu/projects/269356769/
GP2021Eve,https://scratch.mit.edu/projects/269356824/
GP2021Margot,https://scratch.mit.edu/projects/269356722/
GP2021Sasha,https://scratch.mit.edu/projects/269356801/
