FL-AVCO-19,https://scratch.mit.edu/projects/248658975/
FL-BECO-19,https://scratch.mit.edu/projects/270014538/
FL-ISAL-19,https://scratch.mit.edu/projects/258675790/
FL-PEEL-19,https://scratch.mit.edu/projects/262181694/
FL-PRMA-19,https://scratch.mit.edu/projects/262178558/
FL-ADZA-19,https://scratch.mit.edu/projects/262182036/
FL-ROES-19,https://scratch.mit.edu/projects/262179804/
FL-VIHE-19,https://scratch.mit.edu/projects/262180861/
FL-MASI-19,https://scratch.mit.edu/projects/262181697/
FL-JOSA-19,https://scratch.mit.edu/projects/265941510/
FL-VIBR-19,https://scratch.mit.edu/projects/265942617/
FL-BIIB-19,https://scratch.mit.edu/projects/258675744/
FL-VERO-19,https://scratch.mit.edu/projects/253455961/
FL-JOGA-19,https://scratch.mit.edu/projects/258676176/
FL-ROPE-19,https://scratch.mit.edu/projects/260480597/
FL-ANHU-19,https://scratch.mit.edu/projects/270015359/
FL-ANCE-19,https://scratch.mit.edu/projects/262181817/
FL-MARI-19,https://scratch.mit.edu/projects/262180294/
