se2021mali,https://scratch.mit.edu/projects/286358739/
se2021esda,https://scratch.mit.edu/projects/286358006/
se2021dach,https://scratch.mit.edu/projects/271983578/
se2021davi,https://scratch.mit.edu/projects/286358582/
se2021etmu,https://scratch.mit.edu/projects/286366153/
se2021sisp,https://scratch.mit.edu/projects/286355782/
se2021frno,https://scratch.mit.edu/projects/286357074/
se2021auat,https://scratch.mit.edu/projects/286361026/
se2021dive,https://scratch.mit.edu/projects/286355173/
se2021jora,https://scratch.mit.edu/projects/286358131/
se2021rish,https://scratch.mit.edu/projects/286355273/
se2021nokn,https://scratch.mit.edu/projects/286358240/
se2021luhu,https://scratch.mit.edu/projects/286357776/
se2021kaka,https://scratch.mit.edu/projects/286356542/
se2021alaz,https://scratch.mit.edu/projects/286354521/
se2021brwa,https://scratch.mit.edu/projects/286356350/
se2021soka,https://scratch.mit.edu/projects/286355732/
se2021jaho,https://scratch.mit.edu/projects/286355679/
se2021dach,https://scratch.mit.edu/projects/286356527/
se2021hohu,https://scratch.mit.edu/projects/286355634/
se2021fara,https://scratch.mit.edu/projects/284976104/
se2021brwa2,https://scratch.mit.edu/projects/281733023/
se2021pejo,https://scratch.mit.edu/projects/269693717/
se2021pejo,https://scratch.mit.edu/projects/279835729/
se2021pejo,https://scratch.mit.edu/projects/281437702/
se2021davi,https://scratch.mit.edu/projects/278044035/
se2021kaka,https://scratch.mit.edu/projects/281436259/
se2021davi,https://scratch.mit.edu/projects/281438498/
se2021dach,https://scratch.mit.edu/projects/278043052/
se2021hohu,https://scratch.mit.edu/projects/269693514/
se2021esda,https://scratch.mit.edu/projects/269693127/
se2021dach,https://scratch.mit.edu/projects/269693268/
se2021esda,https://scratch.mit.edu/projects/271986771/
se2021hohu,https://scratch.mit.edu/projects/271986726/
se2021dive,https://scratch.mit.edu/projects/271982510/
se2021esda,https://scratch.mit.edu/projects/278046730/
se2021esda,https://scratch.mit.edu/projects/279840707/
se2021hohu,https://scratch.mit.edu/projects/281436073/
se2021dive,https://scratch.mit.edu/projects/271986697/
se2021esda,https://scratch.mit.edu/projects/281438697/
se2021frno,https://scratch.mit.edu/projects/281438947/
se2021dive,https://scratch.mit.edu/projects/281441284/
se2021dach,https://scratch.mit.edu/projects/281436134/
se2021jaho,https://scratch.mit.edu/projects/281436127/
se2021mali,https://scratch.mit.edu/projects/281440326/
se2021alaz,https://scratch.mit.edu/projects/281436265/
se2021chgu,https://scratch.mit.edu/projects/280148468/
se2021omre,https://scratch.mit.edu/projects/279846129/
se2021etmu,https://scratch.mit.edu/projects/279834106/
se2021alaz,https://scratch.mit.edu/projects/271986664/
se2021jaho,https://scratch.mit.edu/projects/279833768/
se2021alaz,https://scratch.mit.edu/projects/278042928/
se2021rish,https://scratch.mit.edu/projects/269693190/
se2021rish,https://scratch.mit.edu/projects/271976173/
se2021mali,https://scratch.mit.edu/projects/269693264/
se2021mali,https://scratch.mit.edu/projects/271982559/
se2021mali,https://scratch.mit.edu/projects/279833443/
se2021frno,https://scratch.mit.edu/projects/279833770/
se2021rish,https://scratch.mit.edu/projects/279834076/
se2021amwh,https://scratch.mit.edu/projects/278350339/
