se2019sali,https://scratch.mit.edu/projects/295229343/
se2019lolo,https://scratch.mit.edu/projects/295229180/
se2019baal,https://scratch.mit.edu/projects/295229137/
se2019lico,https://scratch.mit.edu/projects/269631495/
se2019dami,https://scratch.mit.edu/projects/299290930/
se2019olma,https://scratch.mit.edu/projects/299284301/
se2019issw,https://scratch.mit.edu/projects/295229734/
se2019kyto,https://scratch.mit.edu/projects/295229146/
se2019alkh,https://scratch.mit.edu/projects/295229141/
se2019kani,https://scratch.mit.edu/projects/295229126/
se2019symu,https://scratch.mit.edu/projects/295231402/
se2019ilmu,https://scratch.mit.edu/projects/295231620/
se2019alpa,https://scratch.mit.edu/projects/295230795/
se2019avwh,https://scratch.mit.edu/projects/295225501/
se2019sedo,https://scratch.mit.edu/projects/295229229/
se2019bele,https://scratch.mit.edu/projects/295229201/
se2019jooc,https://scratch.mit.edu/projects/295229155/
se2019cape,https://scratch.mit.edu/projects/295224045/
se2019luch,https://scratch.mit.edu/projects/295229234/
se2019chha,https://scratch.mit.edu/projects/295229157/
se2019myel,https://scratch.mit.edu/projects/295229334/
se2019ansc,https://scratch.mit.edu/projects/295229348/
se2019rual,https://scratch.mit.edu/projects/295229153/
se2019eddu,https://scratch.mit.edu/projects/295229211/
Scratchteam,https://scratch.mit.edu/projects/10128431/
se2019kani,https://scratch.mit.edu/projects/281390380/
se2019avwh,https://scratch.mit.edu/projects/281390268/
se2019sali,https://scratch.mit.edu/projects/258322202/
se2019eddu,https://scratch.mit.edu/projects/281390322/
se2019issw,https://scratch.mit.edu/projects/281390075/
se2019KaNien,https://scratch.mit.edu/projects/258324648/
se2019sedo,https://scratch.mit.edu/projects/260105879/
se2019symu,https://scratch.mit.edu/projects/260106957/
se2019myel,https://scratch.mit.edu/projects/277989782/
se2019baal,https://scratch.mit.edu/projects/277990211/
se2019rual,https://scratch.mit.edu/projects/277990359/
se2019ansc,https://scratch.mit.edu/projects/277981854/
se2019olma,https://scratch.mit.edu/projects/271929857/
se2019cape,https://scratch.mit.edu/projects/255514491/
